{
	"credit": "Made with Blockbench",
	"textures": {
		"1": "item/custom/iron_katana",
		"2": "item/custom/handle",
		"particle": "iron_sword"
	},
	"elements": [
		{
			"from": [7.5, -6.5, 6.7],
			"to": [8.5, -0.5, 9.3],
			"rotation": {"angle": 0, "axis": "y", "origin": [0, -6.5, 0]},
			"faces": {
				"north": {"uv": [4.5, 0, 5, 3], "texture": "#2"},
				"east": {"uv": [0, 0, 1.5, 3], "texture": "#2"},
				"south": {"uv": [5, 0, 5.5, 3], "texture": "#2"},
				"west": {"uv": [1.5, 0, 3, 3], "texture": "#2"},
				"up": {"uv": [5, 9.5, 4.5, 8], "texture": "#2"},
				"down": {"uv": [5.5, 8, 5, 9.5], "texture": "#2"}
			}
		},
		{
			"from": [6.7, -6.5, 7.5],
			"to": [9.3, -0.5, 8.5],
			"rotation": {"angle": 0, "axis": "y", "origin": [0, -6.5, 0]},
			"faces": {
				"north": {"uv": [0, 3, 1.5, 6], "texture": "#2"},
				"east": {"uv": [1.5, 5, 2, 8], "texture": "#2"},
				"south": {"uv": [3, 0, 4.5, 3], "texture": "#2"},
				"west": {"uv": [2, 5, 2.5, 8], "texture": "#2"},
				"up": {"uv": [9.5, 8.5, 8, 8], "texture": "#2"},
				"down": {"uv": [10, 0, 8.5, 0.5], "texture": "#2"}
			}
		},
		{
			"from": [8, -6.5, 6.90711],
			"to": [9, -0.5, 7.90711],
			"rotation": {"angle": 45, "axis": "y", "origin": [8.5, -4, 7.40711]},
			"faces": {
				"north": {"uv": [2.5, 5, 3, 8], "texture": "#2"},
				"east": {"uv": [3, 5, 3.5, 8], "texture": "#2"},
				"south": {"uv": [3.5, 5, 4, 8], "texture": "#2"},
				"west": {"uv": [4, 5, 4.5, 8], "texture": "#2"},
				"up": {"uv": [9, 3, 8.5, 2.5], "texture": "#2"},
				"down": {"uv": [9, 3, 8.5, 3.5], "texture": "#2"}
			}
		},
		{
			"from": [8.09289, -6.5, 7],
			"to": [9.09289, -0.5, 8],
			"rotation": {"angle": 45, "axis": "y", "origin": [8.59289, -4, 7.5]},
			"faces": {
				"north": {"uv": [4.5, 5, 5, 8], "texture": "#2"},
				"east": {"uv": [5, 5, 5.5, 8], "texture": "#2"},
				"south": {"uv": [5.5, 0, 6, 3], "texture": "#2"},
				"west": {"uv": [5.5, 3, 6, 6], "texture": "#2"},
				"up": {"uv": [9, 4, 8.5, 3.5], "texture": "#2"},
				"down": {"uv": [9, 4, 8.5, 4.5], "texture": "#2"}
			}
		},
		{
			"from": [6.90711, -6.5, 8],
			"to": [7.90711, -0.5, 9],
			"rotation": {"angle": 45, "axis": "y", "origin": [7.40711, -4, 8.5]},
			"faces": {
				"north": {"uv": [0, 6, 0.5, 9], "texture": "#2"},
				"east": {"uv": [6, 0, 6.5, 3], "texture": "#2"},
				"south": {"uv": [0.5, 6, 1, 9], "texture": "#2"},
				"west": {"uv": [1, 6, 1.5, 9], "texture": "#2"},
				"up": {"uv": [9, 5, 8.5, 4.5], "texture": "#2"},
				"down": {"uv": [9, 5, 8.5, 5.5], "texture": "#2"}
			}
		},
		{
			"from": [8, -6.5, 8.09289],
			"to": [9, -0.5, 9.09289],
			"rotation": {"angle": 45, "axis": "y", "origin": [8.5, -4, 8.59289]},
			"faces": {
				"north": {"uv": [6, 3, 6.5, 6], "texture": "#2"},
				"east": {"uv": [5.5, 6, 6, 9], "texture": "#2"},
				"south": {"uv": [6, 6, 6.5, 9], "texture": "#2"},
				"west": {"uv": [6.5, 0, 7, 3], "texture": "#2"},
				"up": {"uv": [9, 6, 8.5, 5.5], "texture": "#2"},
				"down": {"uv": [8.5, 8.5, 8, 9], "texture": "#2"}
			}
		},
		{
			"from": [6.90711, -6.5, 7],
			"to": [7.90711, -0.5, 8],
			"rotation": {"angle": 45, "axis": "y", "origin": [7.40711, -4, 7.5]},
			"faces": {
				"north": {"uv": [6.5, 3, 7, 6], "texture": "#2"},
				"east": {"uv": [6.5, 6, 7, 9], "texture": "#2"},
				"south": {"uv": [7, 0, 7.5, 3], "texture": "#2"},
				"west": {"uv": [7, 3, 7.5, 6], "texture": "#2"},
				"up": {"uv": [9, 9, 8.5, 8.5], "texture": "#2"},
				"down": {"uv": [0.5, 9, 0, 9.5], "texture": "#2"}
			}
		},
		{
			"from": [7, -6.5, 8.09289],
			"to": [8, -0.5, 9.09289],
			"rotation": {"angle": 45, "axis": "y", "origin": [7.5, -4, 8.59289]},
			"faces": {
				"north": {"uv": [7, 6, 7.5, 9], "texture": "#2"},
				"east": {"uv": [7.5, 0, 8, 3], "texture": "#2"},
				"south": {"uv": [7.5, 3, 8, 6], "texture": "#2"},
				"west": {"uv": [7.5, 6, 8, 9], "texture": "#2"},
				"up": {"uv": [1, 9.5, 0.5, 9], "texture": "#2"},
				"down": {"uv": [1.5, 9, 1, 9.5], "texture": "#2"}
			}
		},
		{
			"from": [8.09289, -6.5, 8],
			"to": [9.09289, -0.5, 9],
			"rotation": {"angle": 45, "axis": "y", "origin": [8.59289, -4, 8.5]},
			"faces": {
				"north": {"uv": [8, 0, 8.5, 3], "texture": "#2"},
				"east": {"uv": [1.5, 8, 2, 11], "texture": "#2"},
				"south": {"uv": [2, 8, 2.5, 11], "texture": "#2"},
				"west": {"uv": [2.5, 8, 3, 11], "texture": "#2"},
				"up": {"uv": [9.5, 3, 9, 2.5], "texture": "#2"},
				"down": {"uv": [9.5, 3, 9, 3.5], "texture": "#2"}
			}
		},
		{
			"from": [7, -6.5, 6.90711],
			"to": [8, -0.5, 7.90711],
			"rotation": {"angle": 45, "axis": "y", "origin": [7.5, -4, 7.40711]},
			"faces": {
				"north": {"uv": [3, 8, 3.5, 11], "texture": "#2"},
				"east": {"uv": [8, 3, 8.5, 6], "texture": "#2"},
				"south": {"uv": [3.5, 8, 4, 11], "texture": "#2"},
				"west": {"uv": [4, 8, 4.5, 11], "texture": "#2"},
				"up": {"uv": [9.5, 4, 9, 3.5], "texture": "#2"},
				"down": {"uv": [9.5, 4, 9, 4.5], "texture": "#2"}
			}
		},
		{
			"from": [7.2, -0.5, 6.1],
			"to": [8.8, 0, 9.9],
			"rotation": {"angle": 0, "axis": "y", "origin": [0, -8.5, 0]},
			"faces": {
				"north": {"uv": [8.5, 0.5, 9.5, 1], "texture": "#2"},
				"east": {"uv": [8, 6, 10, 6.5], "texture": "#2"},
				"south": {"uv": [8.5, 1, 9.5, 1.5], "texture": "#2"},
				"west": {"uv": [8, 6.5, 10, 7], "texture": "#2"},
				"up": {"uv": [2.5, 5, 1.5, 3], "texture": "#2"},
				"down": {"uv": [3.5, 3, 2.5, 5], "texture": "#2"}
			}
		},
		{
			"from": [6.1, -0.5, 7.2],
			"to": [9.9, 0, 8.8],
			"rotation": {"angle": 0, "axis": "y", "origin": [0, -8.5, -0.25]},
			"faces": {
				"north": {"uv": [8, 7, 10, 7.5], "texture": "#2"},
				"east": {"uv": [8.5, 1.5, 9.5, 2], "texture": "#2"},
				"south": {"uv": [8, 7.5, 10, 8], "texture": "#2"},
				"west": {"uv": [8.5, 2, 9.5, 2.5], "texture": "#2"},
				"up": {"uv": [5.5, 4, 3.5, 3], "texture": "#2"},
				"down": {"uv": [5.5, 4, 3.5, 5], "texture": "#2"}
			}
		},
		{
			"from": [8.3, -0.5, 6.30711],
			"to": [9.3, 0, 7.30711],
			"rotation": {"angle": 45, "axis": "y", "origin": [8.8, -6, 6.80711]},
			"faces": {
				"north": {"uv": [9, 4.5, 9.5, 5], "texture": "#2"},
				"east": {"uv": [9, 5, 9.5, 5.5], "texture": "#2"},
				"south": {"uv": [5.5, 9, 6, 9.5], "texture": "#2"},
				"west": {"uv": [9, 5.5, 9.5, 6], "texture": "#2"},
				"up": {"uv": [6.5, 9.5, 6, 9], "texture": "#2"},
				"down": {"uv": [7, 9, 6.5, 9.5], "texture": "#2"}
			}
		},
		{
			"from": [8.69289, -0.5, 6.7],
			"to": [9.69289, 0, 7.7],
			"rotation": {"angle": 45, "axis": "y", "origin": [9.19289, -6, 7.2]},
			"faces": {
				"north": {"uv": [7, 9, 7.5, 9.5], "texture": "#2"},
				"east": {"uv": [7.5, 9, 8, 9.5], "texture": "#2"},
				"south": {"uv": [8, 9, 8.5, 9.5], "texture": "#2"},
				"west": {"uv": [8.5, 9, 9, 9.5], "texture": "#2"},
				"up": {"uv": [9.5, 9, 9, 8.5], "texture": "#2"},
				"down": {"uv": [9.5, 9, 9, 9.5], "texture": "#2"}
			}
		},
		{
			"from": [6.7, -0.5, 8.69289],
			"to": [7.7, 0, 9.69289],
			"rotation": {"angle": 45, "axis": "y", "origin": [7.2, -6, 9.19289]},
			"faces": {
				"north": {"uv": [0, 9.5, 0.5, 10], "texture": "#2"},
				"east": {"uv": [0.5, 9.5, 1, 10], "texture": "#2"},
				"south": {"uv": [9.5, 0.5, 10, 1], "texture": "#2"},
				"west": {"uv": [1, 9.5, 1.5, 10], "texture": "#2"},
				"up": {"uv": [10, 1.5, 9.5, 1], "texture": "#2"},
				"down": {"uv": [10, 1.5, 9.5, 2], "texture": "#2"}
			}
		},
		{
			"from": [8.3, -0.5, 8.69289],
			"to": [9.3, 0, 9.69289],
			"rotation": {"angle": 45, "axis": "y", "origin": [8.8, -6, 9.19289]},
			"faces": {
				"north": {"uv": [9.5, 2, 10, 2.5], "texture": "#2"},
				"east": {"uv": [9.5, 2.5, 10, 3], "texture": "#2"},
				"south": {"uv": [9.5, 3, 10, 3.5], "texture": "#2"},
				"west": {"uv": [9.5, 3.5, 10, 4], "texture": "#2"},
				"up": {"uv": [10, 4.5, 9.5, 4], "texture": "#2"},
				"down": {"uv": [5, 9.5, 4.5, 10], "texture": "#2"}
			}
		},
		{
			"from": [6.30711, -0.5, 6.7],
			"to": [7.30711, 0, 7.7],
			"rotation": {"angle": 45, "axis": "y", "origin": [6.80711, -6, 7.2]},
			"faces": {
				"north": {"uv": [9.5, 4.5, 10, 5], "texture": "#2"},
				"east": {"uv": [5, 9.5, 5.5, 10], "texture": "#2"},
				"south": {"uv": [9.5, 5, 10, 5.5], "texture": "#2"},
				"west": {"uv": [5.5, 9.5, 6, 10], "texture": "#2"},
				"up": {"uv": [10, 6, 9.5, 5.5], "texture": "#2"},
				"down": {"uv": [6.5, 9.5, 6, 10], "texture": "#2"}
			}
		},
		{
			"from": [6.30711, -0.5, 8.3],
			"to": [7.30711, 0, 9.3],
			"rotation": {"angle": 45, "axis": "y", "origin": [6.80711, -6, 8.8]},
			"faces": {
				"north": {"uv": [6.5, 9.5, 7, 10], "texture": "#2"},
				"east": {"uv": [7, 9.5, 7.5, 10], "texture": "#2"},
				"south": {"uv": [7.5, 9.5, 8, 10], "texture": "#2"},
				"west": {"uv": [8, 9.5, 8.5, 10], "texture": "#2"},
				"up": {"uv": [10, 8.5, 9.5, 8], "texture": "#2"},
				"down": {"uv": [9, 9.5, 8.5, 10], "texture": "#2"}
			}
		},
		{
			"from": [8.69289, -0.5, 8.3],
			"to": [9.69289, 0, 9.3],
			"rotation": {"angle": 45, "axis": "y", "origin": [9.19289, -6, 8.8]},
			"faces": {
				"north": {"uv": [9.5, 8.5, 10, 9], "texture": "#2"},
				"east": {"uv": [9, 9.5, 9.5, 10], "texture": "#2"},
				"south": {"uv": [9.5, 9, 10, 9.5], "texture": "#2"},
				"west": {"uv": [9.5, 9.5, 10, 10], "texture": "#2"},
				"up": {"uv": [0.5, 10.5, 0, 10], "texture": "#2"},
				"down": {"uv": [10.5, 0, 10, 0.5], "texture": "#2"}
			}
		},
		{
			"from": [6.7, -0.5, 6.30711],
			"to": [7.7, 0, 7.30711],
			"rotation": {"angle": 45, "axis": "y", "origin": [7.2, -6, 6.80711]},
			"faces": {
				"north": {"uv": [0.5, 10, 1, 10.5], "texture": "#2"},
				"east": {"uv": [10, 0.5, 10.5, 1], "texture": "#2"},
				"south": {"uv": [1, 10, 1.5, 10.5], "texture": "#2"},
				"west": {"uv": [10, 1, 10.5, 1.5], "texture": "#2"},
				"up": {"uv": [10.5, 2, 10, 1.5], "texture": "#2"},
				"down": {"uv": [10.5, 2, 10, 2.5], "texture": "#2"}
			}
		},
		{
			"from": [7.5, 0, 7],
			"to": [8.5, 4, 9],
			"rotation": {"angle": 0, "axis": "y", "origin": [0, -9.5, 0]},
			"faces": {
				"north": {"uv": [0, 4, 1, 8], "texture": "#1"},
				"east": {"uv": [0, 0, 2, 4], "texture": "#1"},
				"south": {"uv": [4, 0, 5, 4], "texture": "#1"},
				"west": {"uv": [2, 0, 4, 4], "texture": "#1"},
				"up": {"uv": [6, 2, 5, 0], "texture": "#1"},
				"down": {"uv": [6, 2, 5, 4], "texture": "#1"}
			}
		},
		{
			"from": [7.5, 4, 7.025],
			"to": [8.5, 5, 9.025],
			"rotation": {"angle": 0, "axis": "y", "origin": [0, -9.5, -0.1]},
			"faces": {
				"north": {"uv": [13, 8, 14, 9], "texture": "#1"},
				"east": {"uv": [5, 4, 7, 5], "texture": "#1"},
				"south": {"uv": [1, 14, 2, 15], "texture": "#1"},
				"west": {"uv": [5, 5, 7, 6], "texture": "#1"},
				"up": {"uv": [7, 2, 6, 0], "texture": "#1"},
				"down": {"uv": [2, 6, 1, 8], "texture": "#1"}
			}
		},
		{
			"from": [7.5, 5, 7.05],
			"to": [8.5, 6, 9.05],
			"rotation": {"angle": 0, "axis": "y", "origin": [0, -9.5, -0.1]},
			"faces": {
				"north": {"uv": [14, 1, 15, 2], "texture": "#1"},
				"east": {"uv": [2, 6, 4, 7], "texture": "#1"},
				"south": {"uv": [2, 14, 3, 15], "texture": "#1"},
				"west": {"uv": [6, 2, 8, 3], "texture": "#1"},
				"up": {"uv": [5, 8, 4, 6], "texture": "#1"},
				"down": {"uv": [6, 6, 5, 8], "texture": "#1"}
			}
		},
		{
			"from": [7.55, 6, 7.0525],
			"to": [8.45, 7, 9.0525],
			"rotation": {"angle": 0, "axis": "y", "origin": [0, -9.5, -0.2]},
			"faces": {
				"north": {"uv": [14, 2, 15, 3], "texture": "#1"},
				"east": {"uv": [6, 3, 8, 4], "texture": "#1"},
				"south": {"uv": [3, 14, 4, 15], "texture": "#1"},
				"west": {"uv": [6, 6, 8, 7], "texture": "#1"},
				"up": {"uv": [8, 2, 7, 0], "texture": "#1"},
				"down": {"uv": [3, 7, 2, 9], "texture": "#1"}
			}
		},
		{
			"from": [7.55, 7, 7.1],
			"to": [8.45, 8, 9.1],
			"rotation": {"angle": 0, "axis": "y", "origin": [0, -9.5, -0.2]},
			"faces": {
				"north": {"uv": [4, 14, 5, 15], "texture": "#1"},
				"east": {"uv": [7, 4, 9, 5], "texture": "#1"},
				"south": {"uv": [14, 4, 15, 5], "texture": "#1"},
				"west": {"uv": [7, 5, 9, 6], "texture": "#1"},
				"up": {"uv": [4, 9, 3, 7], "texture": "#1"},
				"down": {"uv": [7, 7, 6, 9], "texture": "#1"}
			}
		},
		{
			"from": [7.55, 8, 7.15],
			"to": [8.45, 9, 9.1],
			"rotation": {"angle": 0, "axis": "y", "origin": [0, -9.5, -0.3]},
			"faces": {
				"north": {"uv": [14, 5, 15, 6], "texture": "#1"},
				"east": {"uv": [7, 7, 9, 8], "texture": "#1"},
				"south": {"uv": [6, 14, 7, 15], "texture": "#1"},
				"west": {"uv": [0, 8, 2, 9], "texture": "#1"},
				"up": {"uv": [9, 2, 8, 0], "texture": "#1"},
				"down": {"uv": [9, 2, 8, 4], "texture": "#1"}
			}
		},
		{
			"from": [7.55, 9, 7.2],
			"to": [8.45, 10, 9.1],
			"rotation": {"angle": 0, "axis": "y", "origin": [0, -9.5, -0.3]},
			"faces": {
				"north": {"uv": [14, 6, 15, 7], "texture": "#1"},
				"east": {"uv": [4, 8, 6, 9], "texture": "#1"},
				"south": {"uv": [7, 14, 8, 15], "texture": "#1"},
				"west": {"uv": [8, 6, 10, 7], "texture": "#1"},
				"up": {"uv": [8, 10, 7, 8], "texture": "#1"},
				"down": {"uv": [9, 8, 8, 10], "texture": "#1"}
			}
		},
		{
			"from": [7.6, 10, 7.225],
			"to": [8.4, 11, 9.125],
			"rotation": {"angle": 0, "axis": "y", "origin": [0, -9.5, -0.35]},
			"faces": {
				"north": {"uv": [14, 8, 15, 9], "texture": "#1"},
				"east": {"uv": [0, 9, 2, 10], "texture": "#1"},
				"south": {"uv": [14, 9, 15, 10], "texture": "#1"},
				"west": {"uv": [9, 0, 11, 1], "texture": "#1"},
				"up": {"uv": [10, 3, 9, 1], "texture": "#1"},
				"down": {"uv": [3, 9, 2, 11], "texture": "#1"}
			}
		},
		{
			"from": [7.6, 11, 7.25],
			"to": [8.4, 12, 9.15],
			"rotation": {"angle": 0, "axis": "y", "origin": [0, -9.5, -0.35]},
			"faces": {
				"north": {"uv": [10, 14, 11, 15], "texture": "#1"},
				"east": {"uv": [3, 9, 5, 10], "texture": "#1"},
				"south": {"uv": [14, 10, 15, 11], "texture": "#1"},
				"west": {"uv": [9, 3, 11, 4], "texture": "#1"},
				"up": {"uv": [10, 6, 9, 4], "texture": "#1"},
				"down": {"uv": [6, 9, 5, 11], "texture": "#1"}
			}
		},
		{
			"from": [7.6, 12, 7.3],
			"to": [8.4, 13, 9.15],
			"rotation": {"angle": 0, "axis": "y", "origin": [0, -9.5, -0.35]},
			"faces": {
				"north": {"uv": [14, 11, 15, 12], "texture": "#1"},
				"east": {"uv": [9, 7, 11, 8], "texture": "#1"},
				"south": {"uv": [14, 12, 15, 13], "texture": "#1"},
				"west": {"uv": [9, 8, 11, 9], "texture": "#1"},
				"up": {"uv": [7, 11, 6, 9], "texture": "#1"},
				"down": {"uv": [10, 9, 9, 11], "texture": "#1"}
			}
		},
		{
			"from": [7.6, 13, 7.35],
			"to": [8.4, 14, 9.15],
			"rotation": {"angle": 0, "axis": "y", "origin": [0, -9.5, -0.35]},
			"faces": {
				"north": {"uv": [13, 14, 14, 15], "texture": "#1"},
				"east": {"uv": [0, 10, 2, 11], "texture": "#1"},
				"south": {"uv": [14, 13, 15, 14], "texture": "#1"},
				"west": {"uv": [10, 1, 12, 2], "texture": "#1"},
				"up": {"uv": [4, 12, 3, 10], "texture": "#1"},
				"down": {"uv": [5, 10, 4, 12], "texture": "#1"}
			}
		},
		{
			"from": [7.65, 16, 7.55],
			"to": [8.35, 17, 9.25],
			"rotation": {"angle": 0, "axis": "y", "origin": [0, -9.5, -0.35]},
			"faces": {
				"north": {"uv": [14, 14, 15, 15], "texture": "#1"},
				"east": {"uv": [10, 2, 12, 3], "texture": "#1"},
				"south": {"uv": [0, 15, 1, 16], "texture": "#1"},
				"west": {"uv": [10, 4, 12, 5], "texture": "#1"},
				"up": {"uv": [11, 7, 10, 5], "texture": "#1"},
				"down": {"uv": [8, 10, 7, 12], "texture": "#1"}
			}
		},
		{
			"from": [7.65, 17, 7.6],
			"to": [8.35, 18, 9.3],
			"rotation": {"angle": 0, "axis": "y", "origin": [0, -9.5, -0.35]},
			"faces": {
				"north": {"uv": [15, 0, 16, 1], "texture": "#1"},
				"east": {"uv": [10, 9, 12, 10], "texture": "#1"},
				"south": {"uv": [1, 15, 2, 16], "texture": "#1"},
				"west": {"uv": [10, 10, 12, 11], "texture": "#1"},
				"up": {"uv": [9, 12, 8, 10], "texture": "#1"},
				"down": {"uv": [1, 11, 0, 13], "texture": "#1"}
			}
		},
		{
			"from": [7.7, 18, 7.7],
			"to": [8.3, 19, 9.4],
			"rotation": {"angle": 0, "axis": "y", "origin": [0, -9.5, -0.35]},
			"faces": {
				"north": {"uv": [15, 1, 16, 2], "texture": "#1"},
				"east": {"uv": [11, 0, 13, 1], "texture": "#1"},
				"south": {"uv": [2, 15, 3, 16], "texture": "#1"},
				"west": {"uv": [1, 11, 3, 12], "texture": "#1"},
				"up": {"uv": [6, 13, 5, 11], "texture": "#1"},
				"down": {"uv": [12, 5, 11, 7], "texture": "#1"}
			}
		},
		{
			"from": [7.7, 19, 7.8],
			"to": [8.3, 20, 9.5],
			"rotation": {"angle": 0, "axis": "y", "origin": [0, -9.5, -0.35]},
			"faces": {
				"north": {"uv": [15, 2, 16, 3], "texture": "#1"},
				"east": {"uv": [11, 3, 13, 4], "texture": "#1"},
				"south": {"uv": [3, 15, 4, 16], "texture": "#1"},
				"west": {"uv": [11, 7, 13, 8], "texture": "#1"},
				"up": {"uv": [7, 13, 6, 11], "texture": "#1"},
				"down": {"uv": [10, 11, 9, 13], "texture": "#1"}
			}
		},
		{
			"from": [7.7, 20, 7.9],
			"to": [8.3, 21, 9.5],
			"rotation": {"angle": 0, "axis": "y", "origin": [0, -9.5, -0.35]},
			"faces": {
				"north": {"uv": [15, 3, 16, 4], "texture": "#1"},
				"east": {"uv": [11, 8, 13, 9], "texture": "#1"},
				"south": {"uv": [4, 15, 5, 16], "texture": "#1"},
				"west": {"uv": [10, 11, 12, 12], "texture": "#1"},
				"up": {"uv": [2, 14, 1, 12], "texture": "#1"},
				"down": {"uv": [13, 1, 12, 3], "texture": "#1"}
			}
		},
		{
			"from": [7.7, 21, 8],
			"to": [8.3, 22, 9.6],
			"rotation": {"angle": 0, "axis": "y", "origin": [0, -9.5, -0.35]},
			"faces": {
				"north": {"uv": [15, 4, 16, 5], "texture": "#1"},
				"east": {"uv": [2, 12, 4, 13], "texture": "#1"},
				"south": {"uv": [5, 15, 6, 16], "texture": "#1"},
				"west": {"uv": [12, 4, 14, 5], "texture": "#1"},
				"up": {"uv": [5, 14, 4, 12], "texture": "#1"},
				"down": {"uv": [13, 5, 12, 7], "texture": "#1"}
			}
		},
		{
			"from": [7.75, 22, 8.125],
			"to": [8.25, 23, 9.725],
			"rotation": {"angle": 0, "axis": "y", "origin": [0, -9.5, -0.35]},
			"faces": {
				"north": {"uv": [15, 5, 16, 6], "texture": "#1"},
				"east": {"uv": [7, 12, 9, 13], "texture": "#1"},
				"south": {"uv": [6, 15, 7, 16], "texture": "#1"},
				"west": {"uv": [12, 9, 14, 10], "texture": "#1"},
				"up": {"uv": [11, 14, 10, 12], "texture": "#1"},
				"down": {"uv": [13, 10, 12, 12], "texture": "#1"}
			}
		},
		{
			"from": [7.75, 23, 8.25],
			"to": [8.25, 24, 9.85],
			"rotation": {"angle": 0, "axis": "y", "origin": [0, -9.5, -0.35]},
			"faces": {
				"north": {"uv": [15, 6, 16, 7], "texture": "#1"},
				"east": {"uv": [11, 12, 13, 13], "texture": "#1"},
				"south": {"uv": [7, 15, 8, 16], "texture": "#1"},
				"west": {"uv": [13, 0, 15, 1], "texture": "#1"},
				"up": {"uv": [1, 15, 0, 13], "texture": "#1"},
				"down": {"uv": [14, 1, 13, 3], "texture": "#1"}
			}
		},
		{
			"from": [7.65, 14, 7.4],
			"to": [8.35, 15, 9.2],
			"rotation": {"angle": 0, "axis": "y", "origin": [0, -9.5, -0.35]},
			"faces": {
				"north": {"uv": [15, 7, 16, 8], "texture": "#1"},
				"east": {"uv": [2, 13, 4, 14], "texture": "#1"},
				"south": {"uv": [8, 15, 9, 16], "texture": "#1"},
				"west": {"uv": [13, 3, 15, 4], "texture": "#1"},
				"up": {"uv": [6, 15, 5, 13], "texture": "#1"},
				"down": {"uv": [14, 5, 13, 7], "texture": "#1"}
			}
		},
		{
			"from": [7.65, 15, 7.45],
			"to": [8.35, 16, 9.25],
			"rotation": {"angle": 0, "axis": "y", "origin": [0, -9.5, -0.35]},
			"faces": {
				"north": {"uv": [15, 8, 16, 9], "texture": "#1"},
				"east": {"uv": [6, 13, 8, 14], "texture": "#1"},
				"south": {"uv": [9, 15, 10, 16], "texture": "#1"},
				"west": {"uv": [13, 7, 15, 8], "texture": "#1"},
				"up": {"uv": [9, 15, 8, 13], "texture": "#1"},
				"down": {"uv": [10, 13, 9, 15], "texture": "#1"}
			}
		},
		{
			"from": [7.4, 0, 6.9],
			"to": [8.6, 2, 9.1],
			"rotation": {"angle": 0, "axis": "y", "origin": [0, -9.5, 0]},
			"faces": {
				"north": {"uv": [13, 10, 14, 12], "texture": "#1"},
				"east": {"uv": [1, 4, 3, 6], "texture": "#1"},
				"south": {"uv": [11, 13, 12, 15], "texture": "#1"},
				"west": {"uv": [3, 4, 5, 6], "texture": "#1"},
				"up": {"uv": [13, 15, 12, 13], "texture": "#1"},
				"down": {"uv": [14, 12, 13, 14], "texture": "#1"}
			}
		}
	],
	"display": {
		"thirdperson_righthand": {
			"translation": [0, 9.5, 0.5]
		},
		"thirdperson_lefthand": {
			"translation": [0, 9.5, 0.5]
		},
		"firstperson_righthand": {
			"rotation": [-25.41, -2.09, 4.3],
			"translation": [-1.5, 7.75, 0.5],
			"scale": [0.7, 0.7, 0.7]
		},
		"firstperson_lefthand": {
			"rotation": [-25.41, -2.09, 4.3],
			"translation": [-1.5, 7.75, 0.5],
			"scale": [0.7, 0.7, 0.7]
		},
		"ground": {
			"rotation": [90, 180, 0],
			"translation": [0, -2.5, 0],
			"scale": [0.5, 0.5, 0.5]
		},
		"gui": {
			"rotation": [-90, -45, -73],
			"translation": [0, -0.5, 0],
			"scale": [0.6, 0.6, 0.6]
		},
		"fixed": {
			"rotation": [0, 90, 0],
			"translation": [0, -0.5, 0],
			"scale": [0.6, 0.6, 0.6]
		}
	},
	"groups": [
		{
			"name": "handle",
			"origin": [7.5, 2.5, 7.20711],
			"color": 0,
			"children": [
				{
					"name": "handle_down",
					"origin": [7.5, 2.5, 7.20711],
					"color": 0,
					"children": [0, 1, 2, 3, 4, 5, 6, 7, 8, 9]
				},
				{
					"name": "handle_up",
					"origin": [6.5, 8.225, 9.79289],
					"color": 0,
					"children": [10, 11, 12, 13, 14, 15, 16, 17, 18, 19]
				}
			]
		},
		{
			"name": "group",
			"origin": [8, 8, 8],
			"color": 0,
			"children": [20, 21, 22, 23, 24, 25, 26, 27, 28, 29, 30, 31, 32, 33, 34, 35, 36, 37, 38, 39, 40, 41]
		}
	]
}