{
  "parent": "minecraft:item/handheld",
  "textures": {
    "layer0": "minecraft:item/armor_stand"
  },
  "overrides": [
    {
      "predicate":{
        "custom_model_data": 101
      },
      "model": "custom/chairs/oak_chair"
    },
    {
      "predicate":{
        "custom_model_data": 102
      },
      "model": "custom/chairs/spruce_chair"
    },
    {
      "predicate":{
        "custom_model_data": 103
      },
      "model": "custom/chairs/birch_chair"
    },
    {
      "predicate":{
        "custom_model_data": 104
      },
      "model": "custom/chairs/jungle_chair"
    },
    {
      "predicate":{
        "custom_model_data": 105
      },
      "model": "custom/chairs/acacia_chair"
    },
    {
      "predicate":{
        "custom_model_data": 106
      },
      "model": "custom/chairs/dark_oak_chair"
    },
    {
      "predicate":{
        "custom_model_data": 107
      },
      "model": "custom/chairs/mangrove_chair"
    },
    {
      "predicate":{
        "custom_model_data": 108
      },
      "model": "custom/chairs/cherry_chair"
    },
    {
      "predicate":{
        "custom_model_data": 109
      },
      "model": "custom/chairs/warped_chair"
    },
    {
      "predicate":{
        "custom_model_data": 110
      },
      "model": "custom/chairs/crimson_chair"
    }
  ]
}