{
	"credit": "Made with Blockbench",
	"textures": {
		"0": "item/custom/flame_sword/flame_1",
		"1": "item/custom/flame_sword/blade",
		"3": "item/custom/flame_sword/flame_2",
		"4": "item/custom/flame_sword/flame_3",
		"5": "item/custom/flame_sword/flame_4",
		"6": "item/custom/flame_sword/guard",
		"particle": "item/custom/flame_sword/flame_1"
	},
	"elements": [
		{
			"from": [3.5, -6.5, 6.5],
			"to": [12.5, -5.5, 9.5],
			"faces": {
				"north": {"uv": [0, 6, 9, 7], "texture": "#6"},
				"east": {"uv": [12, 6, 15, 7], "texture": "#6"},
				"south": {"uv": [0, 7, 9, 8], "texture": "#6"},
				"west": {"uv": [12, 7, 15, 8], "texture": "#6"},
				"up": {"uv": [9, 3, 0, 0], "texture": "#6"},
				"down": {"uv": [9, 3, 0, 6], "texture": "#6"}
			}
		},
		{
			"from": [12.5, -6.5, 7],
			"to": [13.5, -3.5, 9],
			"faces": {
				"north": {"uv": [8, 11, 9, 14], "texture": "#6"},
				"east": {"uv": [9, 9, 11, 12], "texture": "#6"},
				"south": {"uv": [9, 12, 10, 15], "texture": "#6"},
				"west": {"uv": [0, 11, 2, 14], "texture": "#6"},
				"up": {"uv": [1, 16, 0, 14], "texture": "#6"},
				"down": {"uv": [15, 0, 14, 2], "texture": "#6"}
			}
		},
		{
			"from": [3.5, -5.5, 6.5],
			"to": [5.5, -4.5, 9.5],
			"faces": {
				"north": {"uv": [1, 14, 3, 15], "texture": "#6"},
				"east": {"uv": [12, 8, 15, 9], "texture": "#6"},
				"south": {"uv": [14, 2, 16, 3], "texture": "#6"},
				"west": {"uv": [10, 12, 13, 13], "texture": "#6"},
				"up": {"uv": [4, 14, 2, 11], "texture": "#6"},
				"down": {"uv": [6, 11, 4, 14], "texture": "#6"}
			}
		},
		{
			"from": [10.5, -5.5, 6.5],
			"to": [12.5, -4.5, 9.5],
			"faces": {
				"north": {"uv": [3, 14, 5, 15], "texture": "#6"},
				"east": {"uv": [13, 9, 16, 10], "texture": "#6"},
				"south": {"uv": [14, 3, 16, 4], "texture": "#6"},
				"west": {"uv": [10, 13, 13, 14], "texture": "#6"},
				"up": {"uv": [8, 14, 6, 11], "texture": "#6"},
				"down": {"uv": [13, 9, 11, 12], "texture": "#6"}
			}
		},
		{
			"from": [2.5, -6.5, 7],
			"to": [3.5, -3.5, 9],
			"faces": {
				"north": {"uv": [13, 10, 14, 13], "texture": "#6"},
				"east": {"uv": [12, 0, 14, 3], "texture": "#6"},
				"south": {"uv": [13, 13, 14, 16], "texture": "#6"},
				"west": {"uv": [12, 3, 14, 6], "texture": "#6"},
				"up": {"uv": [15, 6, 14, 4], "texture": "#6"},
				"down": {"uv": [6, 14, 5, 16], "texture": "#6"}
			}
		},
		{
			"from": [6.5, -15.5, 6.5],
			"to": [9.5, -12.5, 9.5],
			"faces": {
				"north": {"uv": [0, 8, 3, 11], "texture": "#6"},
				"east": {"uv": [3, 8, 6, 11], "texture": "#6"},
				"south": {"uv": [6, 8, 9, 11], "texture": "#6"},
				"west": {"uv": [9, 0, 12, 3], "texture": "#6"},
				"up": {"uv": [12, 6, 9, 3], "texture": "#6"},
				"down": {"uv": [12, 6, 9, 9], "texture": "#6"}
			}
		},
		{
			"from": [7, -14, 7],
			"to": [9, -6, 9],
			"faces": {
				"north": {"uv": [2, 6, 3, 10], "texture": "#1"},
				"east": {"uv": [3, 6, 4, 10], "texture": "#1"},
				"south": {"uv": [4, 6.5, 5, 10.5], "texture": "#1"},
				"west": {"uv": [5, 6.5, 6, 10.5], "texture": "#1"},
				"up": {"uv": [8, 3, 7, 2], "texture": "#1"},
				"down": {"uv": [8, 3, 7, 4], "texture": "#1"}
			}
		},
		{
			"from": [6, -6, 7],
			"to": [10, 13, 9],
			"faces": {
				"north": {"uv": [0, 0, 2, 6], "texture": "#1"},
				"east": {"uv": [0, 6, 1, 12], "texture": "#1"},
				"south": {"uv": [2, 0, 4, 6], "texture": "#1"},
				"west": {"uv": [1, 6, 2, 12], "texture": "#1"},
				"up": {"uv": [9, 1, 7, 0], "texture": "#1"},
				"down": {"uv": [9, 1, 7, 2], "texture": "#1"}
			}
		},
		{
			"from": [9, 28.5, 7.5],
			"to": [10, 31.5, 8.5],
			"rotation": {"angle": 22.5, "axis": "z", "origin": [8, 28, 8]},
			"faces": {
				"north": {"uv": [7, 4, 7.5, 5.5], "texture": "#1"},
				"east": {"uv": [7, 5.5, 7.5, 7], "texture": "#1"},
				"south": {"uv": [7, 7, 7.5, 8.5], "texture": "#1"},
				"west": {"uv": [7.5, 4, 8, 5.5], "texture": "#1"},
				"up": {"uv": [9, 3.5, 8.5, 3], "texture": "#1"},
				"down": {"uv": [9, 3.5, 8.5, 4], "texture": "#1"}
			}
		},
		{
			"from": [6, 28.5, 7.5],
			"to": [7, 31.5, 8.5],
			"rotation": {"angle": -22.5, "axis": "z", "origin": [8, 28, 8]},
			"faces": {
				"north": {"uv": [7.5, 5.5, 8, 7], "texture": "#1"},
				"east": {"uv": [7.5, 7, 8, 8.5], "texture": "#1"},
				"south": {"uv": [8, 2, 8.5, 3.5], "texture": "#1"},
				"west": {"uv": [8, 3.5, 8.5, 5], "texture": "#1"},
				"up": {"uv": [9, 4.5, 8.5, 4], "texture": "#1"},
				"down": {"uv": [9, 4.5, 8.5, 5], "texture": "#1"}
			}
		},
		{
			"from": [6.5, 13, 7.5],
			"to": [9.5, 29.5, 8.5],
			"faces": {
				"north": {"uv": [4, 0, 5.5, 6.5], "texture": "#1"},
				"east": {"uv": [6, 6.5, 6.5, 13], "texture": "#1"},
				"south": {"uv": [5.5, 0, 7, 6.5], "texture": "#1"},
				"west": {"uv": [6.5, 6.5, 7, 13], "texture": "#1"},
				"up": {"uv": [9.5, 5.5, 8, 5], "texture": "#1"},
				"down": {"uv": [9.5, 5.5, 8, 6], "texture": "#1"}
			}
		},
		{
			"from": [7.5, 29, 7.5],
			"to": [8.5, 31, 8.5],
			"rotation": {"angle": 0, "axis": "y", "origin": [0, 11, 0]},
			"faces": {
				"north": {"uv": [8, 6, 8.5, 7], "texture": "#1"},
				"east": {"uv": [8, 7, 8.5, 8], "texture": "#1"},
				"south": {"uv": [8, 8, 8.5, 9], "texture": "#1"},
				"west": {"uv": [8.5, 2, 9, 3], "texture": "#1"},
				"up": {"uv": [9, 6.5, 8.5, 6], "texture": "#1"},
				"down": {"uv": [9, 6.5, 8.5, 7], "texture": "#1"}
			}
		},
		{
			"from": [5, -2, 6.5],
			"to": [7, -1, 9.5],
			"faces": {
				"north": {"uv": [7, 5, 9, 6], "texture": "#0"},
				"east": {"uv": [4, 2, 7, 3], "texture": "#0"},
				"south": {"uv": [6, 7, 8, 8], "texture": "#0"},
				"west": {"uv": [6, 3, 9, 4], "texture": "#0"},
				"up": {"uv": [2, 3, 0, 0], "texture": "#0"},
				"down": {"uv": [4, 0, 2, 3], "texture": "#0"}
			}
		},
		{
			"from": [4.5, -1, 7],
			"to": [6.5, 0, 9],
			"faces": {
				"north": {"uv": [7, 6, 9, 7], "texture": "#0"},
				"east": {"uv": [0, 8, 2, 9], "texture": "#0"},
				"south": {"uv": [2, 8, 4, 9], "texture": "#0"},
				"west": {"uv": [4, 8, 6, 9], "texture": "#0"},
				"up": {"uv": [5, 7, 3, 5], "texture": "#0"},
				"down": {"uv": [7, 5, 5, 7], "texture": "#0"}
			}
		},
		{
			"from": [3.5, 0, 7],
			"to": [6.5, 1, 9],
			"faces": {
				"north": {"uv": [6, 4, 9, 5], "texture": "#0"},
				"east": {"uv": [6, 8, 8, 9], "texture": "#0"},
				"south": {"uv": [0, 7, 3, 8], "texture": "#0"},
				"west": {"uv": [8, 7, 10, 8], "texture": "#0"},
				"up": {"uv": [3, 5, 0, 3], "texture": "#0"},
				"down": {"uv": [6, 3, 3, 5], "texture": "#0"}
			}
		},
		{
			"from": [0.5, 2, 8],
			"to": [3.5, 4, 8],
			"faces": {
				"north": {"uv": [4, 0, 7, 2], "texture": "#0"},
				"east": {"uv": [0, 0, 0, 2], "texture": "#0"},
				"south": {"uv": [0, 5, 3, 7], "texture": "#0"},
				"west": {"uv": [0, 0, 0, 2], "texture": "#0"},
				"up": {"uv": [3, 0, 0, 0], "texture": "#0"},
				"down": {"uv": [3, 0, 0, 0], "texture": "#0"}
			}
		},
		{
			"from": [2, 1, 7.5],
			"to": [5, 2, 8.5],
			"faces": {
				"north": {"uv": [7, 0, 10, 1], "texture": "#0"},
				"east": {"uv": [8, 8, 9, 9], "texture": "#0"},
				"south": {"uv": [7, 1, 10, 2], "texture": "#0"},
				"west": {"uv": [0, 9, 1, 10], "texture": "#0"},
				"up": {"uv": [10, 3, 7, 2], "texture": "#0"},
				"down": {"uv": [6, 7, 3, 8], "texture": "#0"}
			}
		},
		{
			"from": [5, 10, 6.5],
			"to": [8, 12, 9.5],
			"faces": {
				"north": {"uv": [0, 8, 3, 10], "texture": "#4"},
				"east": {"uv": [3, 8, 6, 10], "texture": "#4"},
				"south": {"uv": [6, 8, 9, 10], "texture": "#4"},
				"west": {"uv": [9, 0, 12, 2], "texture": "#4"},
				"up": {"uv": [6, 3, 3, 0], "texture": "#4"},
				"down": {"uv": [6, 3, 3, 6], "texture": "#4"}
			}
		},
		{
			"from": [4.5, 11, 7],
			"to": [7.5, 12, 9],
			"faces": {
				"north": {"uv": [9, 6, 12, 7], "texture": "#4"},
				"east": {"uv": [5, 10, 7, 11], "texture": "#4"},
				"south": {"uv": [9, 7, 12, 8], "texture": "#4"},
				"west": {"uv": [7, 10, 9, 11], "texture": "#4"},
				"up": {"uv": [9, 6, 6, 4], "texture": "#4"},
				"down": {"uv": [9, 6, 6, 8], "texture": "#4"}
			}
		},
		{
			"from": [3.5, 12, 7],
			"to": [6.5, 13, 9],
			"faces": {
				"north": {"uv": [9, 4, 12, 5], "texture": "#4"},
				"east": {"uv": [1, 10, 3, 11], "texture": "#4"},
				"south": {"uv": [9, 5, 12, 6], "texture": "#4"},
				"west": {"uv": [3, 10, 5, 11], "texture": "#4"},
				"up": {"uv": [9, 4, 6, 2], "texture": "#4"},
				"down": {"uv": [6, 6, 3, 8], "texture": "#4"}
			}
		},
		{
			"from": [1.5, 14, 8],
			"to": [4.5, 17, 8],
			"faces": {
				"north": {"uv": [0, 0, 3, 3], "texture": "#4"},
				"east": {"uv": [0, 0, 0, 3], "texture": "#4"},
				"south": {"uv": [0, 3, 3, 6], "texture": "#4"},
				"west": {"uv": [0, 0, 0, 3], "texture": "#4"},
				"up": {"uv": [3, 0, 0, 0], "texture": "#4"},
				"down": {"uv": [3, 0, 0, 0], "texture": "#4"}
			}
		},
		{
			"from": [3, 13, 7.5],
			"to": [6, 15, 8.5],
			"faces": {
				"north": {"uv": [0, 6, 3, 8], "texture": "#4"},
				"east": {"uv": [9, 8, 10, 10], "texture": "#4"},
				"south": {"uv": [6, 0, 9, 2], "texture": "#4"},
				"west": {"uv": [0, 10, 1, 12], "texture": "#4"},
				"up": {"uv": [12, 3, 9, 2], "texture": "#4"},
				"down": {"uv": [12, 3, 9, 4], "texture": "#4"}
			}
		},
		{
			"from": [6, 20, 6.5],
			"to": [8, 21, 9.5],
			"faces": {
				"north": {"uv": [8, 5, 10, 6], "texture": "#3"},
				"east": {"uv": [4, 8, 7, 9], "texture": "#3"},
				"south": {"uv": [8, 6, 10, 7], "texture": "#3"},
				"west": {"uv": [8, 4, 11, 5], "texture": "#3"},
				"up": {"uv": [2, 3, 0, 0], "texture": "#3"},
				"down": {"uv": [4, 0, 2, 3], "texture": "#3"}
			}
		},
		{
			"from": [6.5, 21, 7],
			"to": [8.5, 23, 9],
			"faces": {
				"north": {"uv": [4, 0, 6, 2], "texture": "#3"},
				"east": {"uv": [4, 2, 6, 4], "texture": "#3"},
				"south": {"uv": [4, 4, 6, 6], "texture": "#3"},
				"west": {"uv": [0, 6, 2, 8], "texture": "#3"},
				"up": {"uv": [8, 2, 6, 0], "texture": "#3"},
				"down": {"uv": [4, 6, 2, 8], "texture": "#3"}
			}
		},
		{
			"from": [4.5, 21, 7],
			"to": [6.5, 23, 9],
			"faces": {
				"north": {"uv": [6, 2, 8, 4], "texture": "#3"},
				"east": {"uv": [4, 6, 6, 8], "texture": "#3"},
				"south": {"uv": [6, 4, 8, 6], "texture": "#3"},
				"west": {"uv": [6, 6, 8, 8], "texture": "#3"},
				"up": {"uv": [2, 10, 0, 8], "texture": "#3"},
				"down": {"uv": [10, 0, 8, 2], "texture": "#3"}
			}
		},
		{
			"from": [3.5, 24, 8],
			"to": [5.5, 27, 8],
			"faces": {
				"north": {"uv": [0, 3, 2, 6], "texture": "#3"},
				"east": {"uv": [0, 0, 0, 3], "texture": "#3"},
				"south": {"uv": [2, 3, 4, 6], "texture": "#3"},
				"west": {"uv": [0, 0, 0, 3], "texture": "#3"},
				"up": {"uv": [2, 0, 0, 0], "texture": "#3"},
				"down": {"uv": [2, 0, 0, 0], "texture": "#3"}
			}
		},
		{
			"from": [4, 23, 7.5],
			"to": [6, 25, 8.5],
			"faces": {
				"north": {"uv": [2, 8, 4, 10], "texture": "#3"},
				"east": {"uv": [7, 8, 8, 10], "texture": "#3"},
				"south": {"uv": [8, 2, 10, 4], "texture": "#3"},
				"west": {"uv": [8, 7, 9, 9], "texture": "#3"},
				"up": {"uv": [6, 10, 4, 9], "texture": "#3"},
				"down": {"uv": [11, 7, 9, 8], "texture": "#3"}
			}
		},
		{
			"from": [5, 5, 6.5],
			"to": [7, 6, 9.5],
			"faces": {
				"north": {"uv": [7, 2, 9, 3], "texture": "#5"},
				"east": {"uv": [4, 2, 7, 3], "texture": "#5"},
				"south": {"uv": [3, 7, 5, 8], "texture": "#5"},
				"west": {"uv": [2, 5, 5, 6], "texture": "#5"},
				"up": {"uv": [2, 3, 0, 0], "texture": "#5"},
				"down": {"uv": [4, 0, 2, 3], "texture": "#5"}
			}
		},
		{
			"from": [3.5, 6, 7],
			"to": [6.5, 7, 9],
			"faces": {
				"north": {"uv": [5, 5, 8, 6], "texture": "#5"},
				"east": {"uv": [5, 7, 7, 8], "texture": "#5"},
				"south": {"uv": [6, 0, 9, 1], "texture": "#5"},
				"west": {"uv": [7, 7, 9, 8], "texture": "#5"},
				"up": {"uv": [3, 5, 0, 3], "texture": "#5"},
				"down": {"uv": [6, 3, 3, 5], "texture": "#5"}
			}
		},
		{
			"from": [3.5, 7, 7],
			"to": [5.5, 8, 9],
			"faces": {
				"north": {"uv": [0, 8, 2, 9], "texture": "#5"},
				"east": {"uv": [2, 8, 4, 9], "texture": "#5"},
				"south": {"uv": [4, 8, 6, 9], "texture": "#5"},
				"west": {"uv": [8, 5, 10, 6], "texture": "#5"},
				"up": {"uv": [6, 2, 4, 0], "texture": "#5"},
				"down": {"uv": [2, 5, 0, 7], "texture": "#5"}
			}
		},
		{
			"from": [0.5, 9, 8],
			"to": [3.5, 10, 8],
			"faces": {
				"north": {"uv": [6, 1, 9, 2], "texture": "#5"},
				"east": {"uv": [0, 0, 0, 1], "texture": "#5"},
				"south": {"uv": [2, 6, 5, 7], "texture": "#5"},
				"west": {"uv": [0, 0, 0, 1], "texture": "#5"},
				"up": {"uv": [3, 0, 0, 0], "texture": "#5"},
				"down": {"uv": [3, 0, 0, 0], "texture": "#5"}
			}
		},
		{
			"from": [3, 8, 7.5],
			"to": [6, 9, 8.5],
			"faces": {
				"north": {"uv": [6, 3, 9, 4], "texture": "#5"},
				"east": {"uv": [6, 8, 7, 9], "texture": "#5"},
				"south": {"uv": [6, 4, 9, 5], "texture": "#5"},
				"west": {"uv": [8, 6, 9, 7], "texture": "#5"},
				"up": {"uv": [8, 7, 5, 6], "texture": "#5"},
				"down": {"uv": [3, 7, 0, 8], "texture": "#5"}
			}
		}
	],
	"display": {
		"thirdperson_righthand": {
			"rotation": [0, 90, 0],
			"translation": [0, 12, 2],
			"scale": [0.8, 0.8, 0.8]
		},
		"thirdperson_lefthand": {
			"rotation": [0, -90, 0],
			"translation": [0, 12, 2.25],
			"scale": [0.8, 0.8, 0.8]
		},
		"firstperson_righthand": {
			"rotation": [0, 90, 0],
			"translation": [0.25, 6.75, 1.5],
			"scale": [0.3, 0.5, 0.5]
		},
		"firstperson_lefthand": {
			"rotation": [0, -90, 0],
			"translation": [2.25, 6.5, 0],
			"scale": [0.3, 0.5, 0.5]
		},
		"ground": {
			"rotation": [-90, 0, 0],
			"translation": [0, 9, 0],
			"scale": [0.2, 0.2, 0.2]
		},
		"gui": {
			"rotation": [0, 135, -45],
			"translation": [-1.75, 1.5, 0],
			"scale": [0.5, 0.5, 0.5]
		},
		"head": {
			"scale": [0, 0, 0]
		},
		"fixed": {
			"scale": [0.5, 0.5, 0.5]
		}
	},
	"groups": [
		{
			"name": "guard",
			"origin": [8, 8, 8],
			"color": 0,
			"children": [0, 1, 2, 3, 4, 5]
		},
		{
			"name": "blade",
			"origin": [8, 8, 8],
			"color": 0,
			"children": [6, 7, 8, 9, 10, 11]
		},
		{
			"name": "flames",
			"origin": [8, 8, 8],
			"color": 9,
			"children": [12, 13, 14, 15, 16]
		},
		{
			"name": "flames",
			"origin": [8, 8, 8],
			"color": 0,
			"children": [17, 18, 19, 20, 21]
		},
		{
			"name": "flames",
			"origin": [8, 8, 8],
			"color": 0,
			"children": [22, 23, 24, 25, 26]
		},
		{
			"name": "flames",
			"origin": [8, 8, 8],
			"color": 0,
			"children": [27, 28, 29, 30, 31]
		}
	]
}